{"music":"frost_waltz","blocks":[
{"y":-2,"r":0,"x":2,"id":"block","z":0},
{"y":-2,"r":0,"x":1,"id":"block","z":0},
{"y":-1,"r":0,"x":2,"id":"block","z":0},
{"y":-2,"r":0,"x":0,"id":"block","z":0},
{"y":0,"z":0,"x":2,"id":"block","r":0},
{"y":-1,"r":0,"x":1,"id":"block","z":0},
{"y":1,"z":0,"x":2,"id":"block","r":0},
{"y":-2,"r":0,"x":-1,"id":"block","z":0},
{"y":-1,"r":0,"x":0,"id":"block","z":0},
{"y":0,"z":0,"x":1,"id":"block","r":0},
{"y":-2,"r":0,"x":-2,"id":"block","z":0},
{"y":2,"z":0,"x":2,"id":"block","r":0},
{"y":1,"z":0,"x":1,"id":"block","r":0},
{"y":-1,"r":0,"x":-1,"id":"block","z":0},
{"y":0,"z":0,"x":0,"id":"block","r":0},
{"y":-1,"r":0,"x":-2,"id":"block","z":0},
{"y":2,"z":0,"x":1,"id":"block","r":0},
{"y":1,"z":0,"x":0,"id":"block","r":0},
{"y":0,"r":0,"x":-1,"id":"block","z":0},
{"y":2,"z":0,"x":0,"id":"block","r":0},
{"y":0,"r":0,"x":-2,"id":"block","z":0},
{"y":1,"r":0,"x":-1,"id":"block","z":0},
{"y":2,"r":0,"x":-1,"id":"block","z":0},
{"y":1,"r":0,"x":-2,"id":"block","z":0},
{"tz":1,"ty":0,"tx":2,"y":0,"z":1,"tr":0,"x":2,"id":"npc1","r":0,"convo":"example"},
{"y":2,"r":0,"x":-2,"id":"block","z":0},
{"y":0,"r":0,"x":0,"id":"xyz","z":1},
{"tz":1,"ty":0,"tx":-2,"id":"player","z":1,"tr":45,"x":-2,"r":0,"y":0}
],"background":"checker"}